order_id,date,region,city,category,product,customer_type,sales_amount,quantity,discount,profit,channel,status
SO-202501-0355,2025-01-01,Southwest,Chongqing,Electronics,USB-C Hub,SMB,1987.2,12,0.1,386.82,Retail,Pending
SO-202501-0471,2025-01-03,East China,Nanjing,Home Appliances,Coffee Machine,Enterprise,4554.3,38,0.15,908.95,Online,Completed
SO-202501-0433,2025-01-04,Southwest,Guiyang,Software,Cloud Storage,Enterprise,30876.12,33,0.08,13884.88,Online,Pending
SO-202501-0390,2025-01-06,Southwest,Chongqing,Office Supplies,Marker Pack,SMB,658.56,8,0.02,204.53,Partner,Completed
SO-202501-0168,2025-01-07,Southwest,Chongqing,Office Supplies,Notebook Set,Individual,237.6,4,0.1,69.15,Retail,Pending
SO-202501-0296,2025-01-07,South China,Guangzhou,Electronics,USB-C Hub,SMB,4331.36,11,0.08,738.55,Online,Completed
SO-202501-0309,2025-01-07,East China,Suzhou,Office Supplies,Printer Paper,Enterprise,698.25,21,0.05,201.21,Online,Completed
SO-202501-0022,2025-01-09,North China,Beijing,Office Supplies,Desk Organizer,Individual,291.6,12,0.1,74.9,Online,Completed
SO-202501-0204,2025-01-10,South China,Foshan,Electronics,Monitor 27,SMB,708,2,0,104.97,Retail,Completed
SO-202501-0323,2025-01-16,South China,Guangzhou,Home Appliances,Mini Fan,SMB,1037.76,4,0.08,234.53,Corporate,Completed
SO-202501-0382,2025-01-16,North China,Jinan,Office Supplies,Printer Paper,Individual,245.1,3,0.05,75.82,Retail,Completed
SO-202501-0373,2025-01-19,Southwest,Chengdu,Home Appliances,Desk Lamp,SMB,261.8,4,0.15,66.92,Online,Completed
SO-202501-0399,2025-01-20,East China,Nanjing,Home Appliances,Air Purifier,SMB,362.6,1,0.02,-29.01,Retail,Refunded
SO-202501-0038,2025-01-21,Southwest,Guiyang,Electronics,USB-C Hub,SMB,4603.06,7,0.02,824.22,Corporate,Completed
SO-202501-0218,2025-01-25,East China,Nanjing,Electronics,USB-C Hub,Enterprise,7586.32,19,0.08,1360.7,Online,Completed
SO-202501-0069,2025-01-30,South China,Foshan,Electronics,USB-C Hub,SMB,1694.7,7,0.1,329.69,Corporate,Completed
SO-202502-0415,2025-02-01,East China,Suzhou,Software,Security Suite,SMB,5885.88,7,0.02,2813.39,Partner,Completed
SO-202502-0449,2025-02-02,South China,Foshan,Office Supplies,Notebook Set,SMB,339.15,7,0.05,97.77,Partner,Pending
SO-202502-0173,2025-02-03,East China,Nanjing,Electronics,Wireless Mouse,Enterprise,3385.8,19,0.1,-270.86,Retail,Refunded
SO-202502-0235,2025-02-03,East China,Nanjing,Office Supplies,Notebook Set,Individual,216.6,6,0.05,54.89,Partner,Completed
SO-202502-0252,2025-02-03,Southwest,Chengdu,Home Appliances,Desk Lamp,SMB,3000,8,0,703.48,Corporate,Completed
SO-202502-0120,2025-02-05,East China,Shanghai,Office Supplies,Desk Organizer,SMB,782.0,10,0.08,247.04,Corporate,Completed
SO-202502-0436,2025-02-06,East China,Shanghai,Office Supplies,Marker Pack,Individual,389.16,9,0.08,123.49,Partner,Completed
SO-202502-0060,2025-02-07,Southwest,Chengdu,Home Appliances,Mini Fan,Individual,2431.8,7,0.1,527.6,Corporate,Completed
SO-202502-0304,2025-02-07,North China,Jinan,Office Supplies,Desk Organizer,Individual,225.0,10,0.1,55.63,Partner,Completed
SO-202502-0437,2025-02-07,North China,Beijing,Home Appliances,Air Purifier,Individual,1429.2,4,0.1,274.29,Partner,Pending
SO-202502-0443,2025-02-08,East China,Suzhou,Electronics,USB-C Hub,SMB,621.9,1,0.1,135.66,Corporate,Pending
SO-202502-0435,2025-02-10,Southwest,Chongqing,Home Appliances,Coffee Machine,Enterprise,3165.72,37,0.08,756.06,Online,Completed
SO-202502-0518,2025-02-12,East China,Nanjing,Office Supplies,Marker Pack,SMB,132.48,3,0.08,33.3,Corporate,Completed
SO-202502-0350,2025-02-13,South China,Foshan,Software,Security Suite,SMB,761.76,1,0.08,354.95,Retail,Completed
SO-202502-0188,2025-02-15,South China,Guangzhou,Home Appliances,Air Purifier,Enterprise,5677.2,19,0.1,-454.18,Retail,Refunded
SO-202502-0403,2025-02-15,South China,Foshan,Software,CRM License,Enterprise,20315.0,25,0.15,10388.5,Online,Completed
SO-202502-0154,2025-02-16,Southwest,Kunming,Electronics,Laptop Pro 14,SMB,404.74,1,0.02,-32.38,Online,Refunded
SO-202502-0008,2025-02-18,South China,Shenzhen,Office Supplies,Marker Pack,SMB,422.1,7,0.1,130.37,Online,Completed
SO-202502-0133,2025-02-19,South China,Foshan,Software,Cloud Storage,Enterprise,12887.7,14,0.15,-1031.02,Corporate,Refunded
SO-202502-0474,2025-02-19,North China,Qingdao,Electronics,Wireless Mouse,Individual,2764.5,10,0.05,569.89,Retail,Completed
SO-202502-0052,2025-02-22,North China,Jinan,Electronics,Laptop Pro 14,SMB,1391.6,2,0.02,211.43,Partner,Pending
SO-202502-0088,2025-02-22,North China,Qingdao,Home Appliances,Air Purifier,Individual,1039.5,11,0.1,217.68,Retail,Completed
SO-202502-0102,2025-02-23,North China,Beijing,Home Appliances,Air Purifier,SMB,990.0,5,0.1,230.76,Partner,Completed
SO-202502-0144,2025-02-23,South China,Zhuhai,Home Appliances,Coffee Machine,Enterprise,3348.8,28,0.08,730.69,Online,Completed
SO-202502-0203,2025-02-23,Southwest,Kunming,Office Supplies,Marker Pack,Enterprise,346.5,11,0.1,-27.72,Online,Refunded
SO-202502-0109,2025-02-24,Southwest,Kunming,Office Supplies,Marker Pack,SMB,163.2,4,0.15,47.65,Online,Completed
SO-202502-0276,2025-02-25,South China,Shenzhen,Software,Cloud Storage,Individual,8914.8,8,0.05,3958.42,Retail,Completed
SO-202502-0445,2025-02-25,North China,Qingdao,Office Supplies,Marker Pack,SMB,130,10,0,40.82,Corporate,Completed
SO-202502-0457,2025-02-25,South China,Foshan,Home Appliances,Coffee Machine,Enterprise,13009.5,35,0.1,-1040.76,Partner,Refunded
SO-202502-0153,2025-02-26,Southwest,Chongqing,Software,Cloud Storage,Enterprise,4862.0,13,0.15,2224.03,Online,Completed
SO-202502-0455,2025-02-26,North China,Beijing,Electronics,Monitor 27,SMB,1368.5,10,0.15,252.77,Corporate,Completed
SO-202503-0229,2025-03-01,Southwest,Kunming,Office Supplies,Printer Paper,Individual,392.7,11,0.15,96.0,Online,Completed
SO-202503-0394,2025-03-01,South China,Guangzhou,Software,Security Suite,Enterprise,34143.0,30,0.05,17555.25,Partner,Pending
SO-202503-0054,2025-03-03,South China,Shenzhen,Office Supplies,Desk Organizer,Individual,312,4,0,85.08,Online,Pending
SO-202503-0500,2025-03-03,East China,Nanjing,Software,Analytics Add-on,Individual,6072,12,0,-485.76,Retail,Refunded
SO-202503-0018,2025-03-04,North China,Beijing,Electronics,Monitor 27,Individual,1818,9,0,352.72,Retail,Completed
SO-202503-0300,2025-03-10,North China,Beijing,Office Supplies,Marker Pack,SMB,60,3,0,18.72,Corporate,Completed
SO-202503-0393,2025-03-11,Southwest,Chengdu,Home Appliances,Coffee Machine,Individual,3445.2,12,0.1,677.97,Retail,Completed
SO-202503-0481,2025-03-11,South China,Guangzhou,Office Supplies,Printer Paper,Individual,162.0,9,0.1,-12.96,Corporate,Refunded
SO-202503-0064,2025-03-13,North China,Jinan,Home Appliances,Mini Fan,SMB,3819.84,12,0.08,-305.59,Online,Refunded
SO-202503-0412,2025-03-13,South China,Zhuhai,Home Appliances,Coffee Machine,Individual,1500,4,0,360.85,Online,Completed
SO-202503-0432,2025-03-14,North China,Jinan,Electronics,Monitor 27,Enterprise,2822.4,24,0.02,-225.79,Retail,Refunded
SO-202503-0209,2025-03-16,South China,Guangzhou,Electronics,USB-C Hub,Individual,447.95,1,0.15,-35.84,Retail,Refunded
SO-202503-0220,2025-03-18,South China,Zhuhai,Office Supplies,Printer Paper,SMB,279.3,6,0.05,72.25,Corporate,Completed
SO-202503-0016,2025-03-19,Southwest,Chengdu,Electronics,Laptop Pro 14,Individual,1479.36,3,0.08,313.91,Online,Completed
SO-202503-0359,2025-03-21,East China,Shanghai,Electronics,Wireless Mouse,Individual,2579.36,4,0.02,476.34,Partner,Pending
SO-202503-0011,2025-03-22,South China,Zhuhai,Electronics,Wireless Mouse,Enterprise,20078.08,32,0.08,4359.94,Retail,Pending
SO-202503-0348,2025-03-24,East China,Shanghai,Home Appliances,Coffee Machine,Enterprise,4450,25,0,844.42,Online,Completed
SO-202503-0172,2025-03-26,Southwest,Guiyang,Home Appliances,Air Purifier,Individual,752,4,0,176.54,Online,Completed
SO-202503-0040,2025-03-27,Southwest,Chongqing,Software,Analytics Add-on,SMB,3418.1,7,0.05,-273.45,Online,Refunded
SO-202503-0091,2025-03-28,South China,Shenzhen,Office Supplies,Notebook Set,SMB,515.2,8,0.08,134.91,Online,Pending
SO-202503-0312,2025-03-29,East China,Suzhou,Software,Cloud Storage,Individual,6997.2,7,0.02,3427.63,Retail,Pending
SO-202503-0516,2025-03-29,South China,Zhuhai,Office Supplies,Desk Organizer,Enterprise,682,11,0,194.07,Partner,Completed
SO-202503-0123,2025-03-31,North China,Qingdao,Electronics,USB-C Hub,Individual,9090.48,12,0.02,1360.93,Corporate,Completed
SO-202504-0178,2025-04-02,North China,Beijing,Home Appliances,Coffee Machine,SMB,2304.96,7,0.02,520.36,Online,Completed
SO-202504-0414,2025-04-02,South China,Zhuhai,Office Supplies,Desk Organizer,SMB,68.4,9,0.05,17.02,Online,Completed
SO-202504-0442,2025-04-02,North China,Jinan,Software,Analytics Add-on,Individual,6478.78,11,0.02,3336.88,Retail,Pending
SO-202504-0387,2025-04-03,North China,Qingdao,Office Supplies,Notebook Set,Individual,961.2,12,0.1,285.07,Online,Pending
SO-202504-0058,2025-04-04,East China,Shanghai,Home Appliances,Air Purifier,SMB,1150.2,9,0.1,-92.02,Retail,Refunded
SO-202504-0059,2025-04-04,Southwest,Kunming,Software,Security Suite,Enterprise,18601.0,22,0.05,-1488.08,Corporate,Refunded
SO-202504-0352,2025-04-04,North China,Beijing,Electronics,USB-C Hub,Enterprise,4946.4,24,0.1,1004.54,Retail,Completed
SO-202504-0225,2025-04-05,North China,Beijing,Electronics,Monitor 27,Individual,5179.6,10,0.08,1008.25,Online,Completed
SO-202504-0087,2025-04-06,Southwest,Chengdu,Home Appliances,Desk Lamp,Enterprise,10080.45,27,0.05,-806.44,Online,Refunded
SO-202504-0272,2025-04-06,North China,Qingdao,Office Supplies,Notebook Set,SMB,419.52,8,0.08,127.53,Partner,Completed
SO-202504-0426,2025-04-10,North China,Jinan,Home Appliances,Mini Fan,SMB,425.0,2,0.15,101.97,Corporate,Pending
SO-202504-0015,2025-04-11,South China,Zhuhai,Home Appliances,Air Purifier,Individual,474.32,4,0.02,95.95,Retail,Completed
SO-202504-0488,2025-04-12,South China,Guangzhou,Software,CRM License,SMB,7344.0,10,0.1,3287.96,Retail,Completed
SO-202504-0003,2025-04-15,South China,Zhuhai,Electronics,USB-C Hub,Enterprise,3608,22,0,664.46,Corporate,Pending
SO-202504-0044,2025-04-15,North China,Beijing,Electronics,USB-C Hub,Enterprise,1922.8,11,0.08,395.69,Partner,Completed
SO-202504-0256,2025-04-15,South China,Foshan,Home Appliances,Mini Fan,SMB,716.3,2,0.05,143.9,Online,Completed
SO-202504-0476,2025-04-15,East China,Hangzhou,Office Supplies,Printer Paper,SMB,176,8,0,48.99,Online,Completed
SO-202504-0278,2025-04-16,Southwest,Guiyang,Electronics,Laptop Pro 14,Enterprise,13780.2,21,0.15,2669.47,Online,Completed
SO-202504-0339,2025-04-16,South China,Guangzhou,Software,CRM License,SMB,7161.84,9,0.02,-572.95,Online,Refunded
SO-202504-0268,2025-04-18,South China,Foshan,Electronics,Laptop Pro 14,Individual,3175.2,10,0.02,-254.02,Partner,Refunded
SO-202504-0384,2025-04-22,Southwest,Guiyang,Electronics,Wireless Mouse,Enterprise,17966,26,0,-1437.28,Partner,Refunded
SO-202504-0392,2025-04-22,Southwest,Chongqing,Office Supplies,Desk Organizer,SMB,615.6,12,0.05,-49.25,Retail,Refunded
SO-202504-0001,2025-04-25,South China,Foshan,Office Supplies,Printer Paper,Enterprise,152,8,0,37.62,Retail,Completed
SO-202504-0152,2025-04-25,South China,Shenzhen,Office Supplies,Printer Paper,Enterprise,952,28,0,-76.16,Corporate,Refunded
SO-202504-0504,2025-04-25,South China,Foshan,Software,CRM License,Enterprise,15084.1,19,0.15,-1206.73,Retail,Refunded
SO-202504-0273,2025-04-26,East China,Shanghai,Office Supplies,Notebook Set,Enterprise,1520.0,25,0.05,439.14,Partner,Completed
SO-202504-0386,2025-04-26,East China,Hangzhou,Software,Cloud Storage,SMB,933.3,1,0.15,-74.66,Corporate,Refunded
SO-202504-0092,2025-04-27,North China,Jinan,Electronics,USB-C Hub,Enterprise,15225,35,0,2140.86,Partner,Completed
SO-202504-0009,2025-04-28,North China,Qingdao,Electronics,USB-C Hub,Individual,964.32,8,0.02,174.17,Partner,Completed
SO-202504-0292,2025-04-28,North China,Jinan,Office Supplies,Printer Paper,Enterprise,523.6,28,0.15,137.51,Online,Pending
SO-202505-0122,2025-05-01,North China,Qingdao,Software,Analytics Add-on,Enterprise,14531.4,15,0.08,-1162.51,Corporate,Refunded
SO-202505-0213,2025-05-01,South China,Foshan,Software,Security Suite,SMB,7595.52,12,0.08,3652.4,Online,Completed
SO-202505-0135,2025-05-02,East China,Shanghai,Software,Security Suite,Enterprise,14510.7,23,0.1,6431.44,Corporate,Completed
SO-202505-0150,2025-05-02,Southwest,Kunming,Office Supplies,Marker Pack,Enterprise,617.4,14,0.02,-49.39,Corporate,Refunded
SO-202505-0212,2025-05-03,South China,Shenzhen,Electronics,Wireless Mouse,SMB,5724.18,9,0.02,1144.73,Partner,Completed
SO-202505-0076,2025-05-07,Southwest,Kunming,Home Appliances,Coffee Machine,Individual,613.8,11,0.1,126.59,Corporate,Pending
SO-202505-0266,2025-05-07,North China,Beijing,Software,Security Suite,Enterprise,7336.08,9,0.08,3488.64,Online,Completed
SO-202505-0298,2025-05-07,South China,Guangzhou,Software,CRM License,Individual,11291.4,12,0.15,5737.35,Corporate,Completed
SO-202505-0483,2025-05-07,Southwest,Chengdu,Office Supplies,Marker Pack,Enterprise,325,25,0,-26.0,Corporate,Refunded
SO-202505-0057,2025-05-08,Southwest,Kunming,Software,Security Suite,SMB,1770.8,2,0.05,864.68,Partner,Completed
SO-202505-0108,2025-05-08,North China,Beijing,Office Supplies,Desk Organizer,Enterprise,397.1,22,0.05,-31.77,Partner,Refunded
SO-202505-0051,2025-05-10,North China,Beijing,Electronics,USB-C Hub,Enterprise,5796.0,28,0.08,1015.68,Retail,Completed
SO-202505-0031,2025-05-11,East China,Suzhou,Software,Analytics Add-on,SMB,3270.6,9,0.08,1644.66,Corporate,Pending
SO-202505-0311,2025-05-11,East China,Hangzhou,Electronics,Wireless Mouse,Individual,1368.0,5,0.1,261.3,Online,Completed
SO-202505-0429,2025-05-14,Southwest,Chongqing,Electronics,Wireless Mouse,SMB,1497.2,8,0.05,301.76,Corporate,Completed
SO-202505-0014,2025-05-16,Southwest,Chongqing,Software,Cloud Storage,Individual,1104.0,2,0.08,562.05,Retail,Completed
SO-202505-0250,2025-05-18,North China,Jinan,Home Appliances,Mini Fan,Enterprise,6803.4,29,0.15,1488.29,Partner,Pending
SO-202505-0282,2025-05-18,Southwest,Chengdu,Electronics,Monitor 27,Enterprise,12104.0,20,0.15,2276.08,Partner,Completed
SO-202505-0078,2025-05-19,Southwest,Guiyang,Home Appliances,Coffee Machine,SMB,3814.25,11,0.05,696.55,Retail,Completed
SO-202505-0221,2025-05-20,South China,Shenzhen,Electronics,Wireless Mouse,SMB,3151.68,6,0.02,-252.13,Partner,Refunded
SO-202505-0417,2025-05-20,South China,Shenzhen,Software,Cloud Storage,Enterprise,15078.8,22,0.08,7063.28,Partner,Completed
SO-202505-0110,2025-05-21,South China,Foshan,Software,Analytics Add-on,SMB,4331.6,10,0.02,2195.24,Partner,Pending
SO-202505-0136,2025-05-21,North China,Jinan,Software,Analytics Add-on,SMB,10746.0,10,0.1,5363.82,Retail,Completed
SO-202505-0470,2025-05-21,East China,Hangzhou,Software,Security Suite,Individual,3196.0,5,0.15,1524.74,Partner,Completed
SO-202505-0140,2025-05-22,East China,Nanjing,Software,Cloud Storage,Individual,3685.6,8,0.15,1849.28,Corporate,Completed
SO-202505-0124,2025-05-23,East China,Suzhou,Electronics,USB-C Hub,SMB,2154.6,9,0.05,-172.37,Corporate,Refunded
SO-202505-0219,2025-05-26,North China,Beijing,Electronics,Wireless Mouse,Enterprise,15584.94,27,0.02,-1246.8,Partner,Refunded
SO-202505-0231,2025-05-26,East China,Suzhou,Home Appliances,Desk Lamp,Individual,716,2,0,159.03,Partner,Completed
SO-202505-0320,2025-05-29,Southwest,Guiyang,Electronics,Laptop Pro 14,Individual,1109.52,6,0.08,-88.76,Corporate,Refunded
SO-202505-0379,2025-05-29,East China,Nanjing,Electronics,Laptop Pro 14,SMB,414.0,3,0.08,68.01,Retail,Completed
SO-202505-0448,2025-05-29,East China,Suzhou,Office Supplies,Marker Pack,Individual,668.8,8,0.05,171.33,Corporate,Completed
SO-202505-0464,2025-05-29,Southwest,Kunming,Office Supplies,Notebook Set,Enterprise,2509.2,41,0.1,736.08,Corporate,Pending
SO-202505-0245,2025-05-31,South China,Zhuhai,Office Supplies,Printer Paper,Individual,158.1,3,0.15,43.45,Retail,Completed
SO-202506-0270,2025-06-02,South China,Guangzhou,Electronics,USB-C Hub,SMB,1911.0,5,0.02,401.18,Retail,Completed
SO-202506-0377,2025-06-05,North China,Jinan,Office Supplies,Notebook Set,Enterprise,2500.96,29,0.02,-200.08,Partner,Refunded
SO-202506-0380,2025-06-05,East China,Shanghai,Office Supplies,Printer Paper,Enterprise,1683.0,22,0.1,435.18,Online,Completed
SO-202506-0151,2025-06-06,Southwest,Kunming,Software,Cloud Storage,Individual,6306.3,11,0.1,3129.82,Retail,Completed
SO-202506-0166,2025-06-06,East China,Nanjing,Office Supplies,Marker Pack,SMB,306.0,9,0.15,-24.48,Retail,Refunded
SO-202506-0128,2025-06-07,East China,Nanjing,Electronics,Laptop Pro 14,Individual,7029.0,11,0.1,1218.32,Online,Completed
SO-202506-0356,2025-06-07,North China,Qingdao,Software,Security Suite,Individual,3258,9,0,-260.64,Online,Refunded
SO-202506-0157,2025-06-08,North China,Tianjin,Electronics,Laptop Pro 14,Enterprise,9150,25,0,1607.79,Partner,Completed
SO-202506-0446,2025-06-11,South China,Zhuhai,Electronics,Laptop Pro 14,Enterprise,11724.9,19,0.15,2276.37,Retail,Completed
SO-202506-0388,2025-06-13,Southwest,Guiyang,Electronics,Wireless Mouse,Enterprise,9282.0,40,0.15,1337.58,Corporate,Completed
SO-202506-0299,2025-06-14,East China,Hangzhou,Home Appliances,Desk Lamp,Individual,3094.85,11,0.15,693.16,Online,Completed
SO-202506-0462,2025-06-14,North China,Tianjin,Office Supplies,Printer Paper,Individual,88.32,2,0.08,23.04,Retail,Completed
SO-202506-0024,2025-06-15,Southwest,Guiyang,Electronics,Laptop Pro 14,Enterprise,16611.0,25,0.02,2896.67,Online,Completed
SO-202506-0453,2025-06-15,Southwest,Chengdu,Software,Cloud Storage,Enterprise,18929.5,34,0.15,8331.05,Retail,Completed
SO-202506-0026,2025-06-16,East China,Suzhou,Electronics,Wireless Mouse,SMB,3496.9,11,0.15,519.81,Corporate,Completed
SO-202506-0473,2025-06-16,South China,Shenzhen,Home Appliances,Coffee Machine,SMB,596.7,3,0.15,150.95,Retail,Completed
SO-202506-0441,2025-06-18,Southwest,Chongqing,Electronics,Wireless Mouse,Enterprise,15150,30,0,2128.7,Online,Completed
SO-202506-0491,2025-06-18,Southwest,Guiyang,Office Supplies,Desk Organizer,SMB,119.0,2,0.15,-9.52,Partner,Refunded
SO-202506-0185,2025-06-20,South China,Zhuhai,Home Appliances,Coffee Machine,Individual,559.8,2,0.1,125.75,Online,Pending
SO-202506-0237,2025-06-20,Southwest,Guiyang,Software,Security Suite,Individual,5136,8,0,2588.21,Partner,Completed
SO-202506-0043,2025-06-21,South China,Shenzhen,Home Appliances,Air Purifier,SMB,4160,10,0,945.85,Online,Completed
SO-202506-0322,2025-06-23,South China,Foshan,Office Supplies,Notebook Set,Individual,243.8,5,0.08,69.94,Retail,Pending
SO-202506-0070,2025-06-24,East China,Shanghai,Software,Analytics Add-on,Enterprise,9196.0,22,0.05,-735.68,Partner,Refunded
SO-202506-0450,2025-06-24,East China,Shanghai,Software,Cloud Storage,Enterprise,20486.7,26,0.15,10444.28,Retail,Completed
SO-202506-0193,2025-06-27,East China,Suzhou,Home Appliances,Desk Lamp,SMB,1864,8,0,407.78,Retail,Completed
SO-202506-0234,2025-06-28,North China,Tianjin,Office Supplies,Marker Pack,Enterprise,346.8,17,0.15,-27.74,Corporate,Refunded
SO-202506-0308,2025-06-28,Southwest,Guiyang,Home Appliances,Air Purifier,SMB,874.0,4,0.05,-69.92,Corporate,Refunded
SO-202506-0330,2025-06-28,Southwest,Chengdu,Software,Security Suite,Individual,2957.35,11,0.05,1386.78,Online,Completed
SO-202506-0324,2025-06-29,Southwest,Chengdu,Electronics,USB-C Hub,Individual,2929.95,9,0.15,-234.4,Corporate,Refunded
SO-202506-0401,2025-06-29,South China,Foshan,Electronics,Wireless Mouse,SMB,1278.9,9,0.02,-102.31,Online,Refunded
SO-202507-0295,2025-07-02,North China,Beijing,Office Supplies,Desk Organizer,SMB,472,8,0,127.99,Partner,Completed
SO-202507-0170,2025-07-03,South China,Guangzhou,Office Supplies,Printer Paper,Enterprise,1378,26,0,-110.24,Retail,Refunded
SO-202507-0047,2025-07-06,Southwest,Chongqing,Home Appliances,Mini Fan,SMB,539.0,10,0.02,-43.12,Corporate,Refunded
SO-202507-0115,2025-07-06,East China,Shanghai,Software,CRM License,Individual,1078.25,1,0.05,518.89,Corporate,Pending
SO-202507-0126,2025-07-06,East China,Suzhou,Electronics,Laptop Pro 14,SMB,812.25,3,0.05,175.28,Retail,Pending
SO-202507-0259,2025-07-07,North China,Beijing,Office Supplies,Desk Organizer,Enterprise,1330.0,28,0.05,368.54,Retail,Completed
SO-202507-0050,2025-07-09,East China,Hangzhou,Software,Security Suite,Individual,1379.4,4,0.05,608.5,Corporate,Pending
SO-202507-0480,2025-07-09,North China,Beijing,Electronics,Wireless Mouse,Enterprise,14688.0,34,0.1,2340.47,Corporate,Pending
SO-202507-0331,2025-07-11,North China,Tianjin,Home Appliances,Coffee Machine,SMB,400.35,3,0.15,96.15,Corporate,Completed
SO-202507-0354,2025-07-11,North China,Qingdao,Software,Security Suite,Individual,8712.45,9,0.05,-697.0,Retail,Refunded
SO-202507-0400,2025-07-11,South China,Foshan,Home Appliances,Air Purifier,SMB,456.0,2,0.05,89.96,Corporate,Completed
SO-202507-0061,2025-07-12,North China,Jinan,Software,CRM License,SMB,8269.65,9,0.15,3959.32,Retail,Completed
SO-202507-0257,2025-07-12,East China,Hangzhou,Electronics,Monitor 27,Enterprise,2820.72,21,0.08,482.52,Corporate,Completed
SO-202507-0460,2025-07-13,South China,Guangzhou,Office Supplies,Desk Organizer,Enterprise,2079.0,33,0.1,-166.32,Partner,Refunded
SO-202507-0132,2025-07-14,East China,Suzhou,Software,Cloud Storage,SMB,635.04,1,0.02,290.35,Corporate,Completed
SO-202507-0258,2025-07-14,North China,Tianjin,Software,Security Suite,Individual,2823.48,11,0.08,1271.23,Corporate,Completed
SO-202507-0139,2025-07-15,South China,Zhuhai,Home Appliances,Coffee Machine,SMB,3304.8,12,0.1,838.24,Retail,Completed
SO-202507-0370,2025-07-15,North China,Qingdao,Electronics,USB-C Hub,SMB,5720,10,0,1223.72,Retail,Completed
SO-202507-0357,2025-07-16,South China,Guangzhou,Software,Cloud Storage,Individual,1512,6,0,777.8,Corporate,Completed
SO-202507-0427,2025-07-19,North China,Tianjin,Home Appliances,Air Purifier,Individual,270.3,1,0.15,58.3,Online,Completed
SO-202507-0467,2025-07-19,Southwest,Kunming,Electronics,USB-C Hub,Individual,6684,12,0,1087.97,Partner,Completed
SO-202507-0263,2025-07-24,North China,Beijing,Home Appliances,Desk Lamp,Enterprise,2664.75,17,0.05,-213.18,Online,Refunded
SO-202507-0371,2025-07-24,North China,Tianjin,Electronics,Laptop Pro 14,Individual,2303.5,10,0.15,470.7,Online,Completed
SO-202507-0012,2025-07-25,North China,Jinan,Home Appliances,Coffee Machine,Individual,802.8,4,0.1,180.08,Partner,Pending
SO-202507-0404,2025-07-25,East China,Nanjing,Home Appliances,Mini Fan,Enterprise,1300,10,0,333.66,Partner,Pending
SO-202507-0486,2025-07-25,Southwest,Chengdu,Office Supplies,Marker Pack,SMB,846.6,12,0.15,267.07,Partner,Completed
SO-202507-0023,2025-07-28,North China,Jinan,Home Appliances,Air Purifier,Enterprise,1799.28,36,0.02,415.58,Online,Completed
SO-202507-0318,2025-07-28,Southwest,Guiyang,Office Supplies,Desk Organizer,SMB,221.0,5,0.15,55.48,Partner,Completed
SO-202507-0514,2025-07-28,East China,Nanjing,Home Appliances,Coffee Machine,Individual,1064.0,7,0.05,253.38,Partner,Completed
SO-202507-0456,2025-07-29,East China,Nanjing,Office Supplies,Notebook Set,Enterprise,745.2,23,0.1,219.4,Partner,Completed
SO-202507-0190,2025-07-30,North China,Beijing,Electronics,Wireless Mouse,SMB,2163.84,4,0.08,394.29,Corporate,Completed
SO-202507-0463,2025-07-30,South China,Foshan,Home Appliances,Desk Lamp,SMB,1836,9,0,-146.88,Corporate,Refunded
SO-202507-0496,2025-07-30,North China,Jinan,Home Appliances,Desk Lamp,SMB,2625,7,0,648.98,Corporate,Pending
SO-202508-0391,2025-08-01,South China,Shenzhen,Office Supplies,Notebook Set,Individual,230.85,3,0.05,72.4,Corporate,Completed
SO-202508-0469,2025-08-01,North China,Jinan,Home Appliances,Air Purifier,Individual,185.22,1,0.02,41.58,Partner,Pending
SO-202508-0197,2025-08-03,North China,Jinan,Office Supplies,Printer Paper,Individual,46.8,1,0.1,13.25,Retail,Completed
SO-202508-0262,2025-08-03,East China,Hangzhou,Software,CRM License,Enterprise,15375.96,27,0.08,6771.17,Retail,Pending
SO-202508-0294,2025-08-04,East China,Suzhou,Electronics,Wireless Mouse,Enterprise,4709,17,0,692.23,Partner,Completed
SO-202508-0093,2025-08-05,East China,Nanjing,Home Appliances,Mini Fan,Individual,835.2,8,0.1,197.35,Online,Pending
SO-202508-0143,2025-08-08,East China,Nanjing,Home Appliances,Desk Lamp,Enterprise,5950.8,38,0.1,1178.58,Online,Completed
SO-202508-0254,2025-08-08,East China,Hangzhou,Office Supplies,Desk Organizer,Enterprise,673.2,11,0.1,204.7,Partner,Completed
SO-202508-0363,2025-08-08,North China,Beijing,Home Appliances,Desk Lamp,Individual,912.0,8,0.05,229.07,Online,Completed
SO-202508-0497,2025-08-08,North China,Qingdao,Electronics,USB-C Hub,Individual,2033.0,10,0.05,329.08,Partner,Pending
SO-202508-0281,2025-08-09,Southwest,Chongqing,Home Appliances,Air Purifier,Individual,2618.0,11,0.15,594.67,Partner,Pending
SO-202508-0079,2025-08-11,Southwest,Guiyang,Office Supplies,Desk Organizer,Enterprise,1966.5,23,0.05,501.82,Online,Completed
SO-202508-0163,2025-08-11,Southwest,Chongqing,Home Appliances,Mini Fan,Individual,626.4,4,0.1,-50.11,Online,Refunded
SO-202508-0196,2025-08-12,Southwest,Chengdu,Office Supplies,Desk Organizer,SMB,95,5,0,28.69,Online,Completed
SO-202508-0327,2025-08-12,North China,Tianjin,Office Supplies,Marker Pack,Individual,482.16,12,0.02,147.92,Retail,Pending
SO-202508-0505,2025-08-12,East China,Shanghai,Office Supplies,Printer Paper,SMB,522.9,7,0.1,141.17,Corporate,Completed
SO-202508-0013,2025-08-14,South China,Guangzhou,Electronics,Wireless Mouse,Individual,979.2,6,0.15,175.11,Online,Pending
SO-202508-0077,2025-08-15,South China,Zhuhai,Home Appliances,Coffee Machine,Individual,302,1,0,60.03,Online,Pending
SO-202508-0186,2025-08-15,Southwest,Kunming,Software,Cloud Storage,SMB,605,1,0,271.82,Retail,Completed
SO-202508-0224,2025-08-16,East China,Hangzhou,Software,Security Suite,Enterprise,4391.1,21,0.15,2087.86,Online,Completed
SO-202508-0275,2025-08-18,North China,Beijing,Software,Analytics Add-on,SMB,10286.1,11,0.1,5259.95,Partner,Pending
SO-202508-0195,2025-08-19,North China,Tianjin,Software,Cloud Storage,Enterprise,22785,31,0,-1822.8,Online,Refunded
SO-202508-0089,2025-08-20,Southwest,Chengdu,Home Appliances,Air Purifier,SMB,2693.04,12,0.02,672.15,Retail,Pending
SO-202508-0243,2025-08-20,North China,Beijing,Office Supplies,Notebook Set,Enterprise,1680,28,0,516.2,Online,Pending
SO-202508-0310,2025-08-24,Southwest,Kunming,Electronics,Monitor 27,SMB,2664.32,4,0.08,377.79,Partner,Completed
SO-202508-0319,2025-08-24,Southwest,Chongqing,Electronics,Wireless Mouse,SMB,5722.2,9,0.15,803.53,Partner,Completed
SO-202508-0447,2025-08-24,South China,Foshan,Office Supplies,Notebook Set,Enterprise,1360.8,27,0.1,-108.86,Retail,Refunded
SO-202508-0189,2025-08-26,Southwest,Chongqing,Office Supplies,Marker Pack,Individual,364.32,12,0.08,98.77,Partner,Completed
SO-202508-0081,2025-08-27,North China,Tianjin,Electronics,USB-C Hub,Individual,3384,9,0,509.44,Retail,Completed
SO-202508-0347,2025-08-27,South China,Shenzhen,Electronics,Monitor 27,SMB,2612.05,7,0.15,531.07,Retail,Completed
SO-202508-0364,2025-08-27,North China,Qingdao,Electronics,Monitor 27,Enterprise,11141.8,29,0.15,2073.47,Retail,Completed
SO-202508-0438,2025-08-27,South China,Guangzhou,Office Supplies,Marker Pack,SMB,382.2,10,0.02,92.17,Online,Completed
SO-202508-0425,2025-08-28,Southwest,Guiyang,Software,Security Suite,Enterprise,17900.85,33,0.05,9253.68,Retail,Completed
SO-202509-0082,2025-09-01,North China,Beijing,Office Supplies,Desk Organizer,Individual,900,12,0,250.29,Online,Completed
SO-202509-0249,2025-09-01,South China,Zhuhai,Home Appliances,Mini Fan,SMB,1279.25,5,0.15,300.35,Online,Completed
SO-202509-0020,2025-09-02,North China,Jinan,Office Supplies,Desk Organizer,SMB,132,2,0,32.45,Partner,Completed
SO-202509-0062,2025-09-03,East China,Nanjing,Electronics,Monitor 27,Individual,1160.32,2,0.02,208.71,Online,Completed
SO-202509-0164,2025-09-03,North China,Qingdao,Software,Cloud Storage,SMB,3285,5,0,-262.8,Corporate,Refunded
SO-202509-0507,2025-09-03,North China,Jinan,Home Appliances,Mini Fan,Enterprise,1077.3,21,0.05,219.85,Online,Completed
SO-202509-0208,2025-09-04,Southwest,Chengdu,Electronics,USB-C Hub,Individual,4176.9,7,0.15,-334.15,Corporate,Refunded
SO-202509-0182,2025-09-06,North China,Jinan,Home Appliances,Coffee Machine,Individual,2796.5,10,0.15,675.1,Corporate,Completed
SO-202509-0158,2025-09-08,South China,Zhuhai,Software,Analytics Add-on,Individual,2588.25,3,0.15,1258.12,Retail,Pending
SO-202509-0042,2025-09-11,East China,Shanghai,Office Supplies,Printer Paper,SMB,748.0,11,0.15,194.85,Retail,Completed
SO-202509-0207,2025-09-12,North China,Beijing,Home Appliances,Desk Lamp,Enterprise,2792.02,37,0.02,613.1,Retail,Completed
SO-202509-0499,2025-09-15,Southwest,Chongqing,Electronics,Wireless Mouse,Individual,5920.2,11,0.1,-473.62,Partner,Refunded
SO-202509-0255,2025-09-16,North China,Qingdao,Software,Cloud Storage,SMB,3928.5,5,0.1,-314.28,Corporate,Refunded
SO-202509-0267,2025-09-16,Southwest,Chongqing,Office Supplies,Notebook Set,SMB,732.6,11,0.1,-58.61,Corporate,Refunded
SO-202509-0422,2025-09-16,East China,Nanjing,Home Appliances,Mini Fan,Enterprise,3291.2,11,0.15,710.02,Online,Completed
SO-202509-0362,2025-09-18,North China,Jinan,Software,Cloud Storage,Enterprise,6745.0,10,0.05,2971.34,Online,Completed
SO-202509-0335,2025-09-21,North China,Beijing,Software,CRM License,Enterprise,26617.5,35,0.1,12083.36,Corporate,Completed
SO-202509-0430,2025-09-21,East China,Shanghai,Home Appliances,Air Purifier,SMB,1021.2,6,0.08,189.49,Partner,Completed
SO-202509-0246,2025-09-22,North China,Beijing,Electronics,Monitor 27,Enterprise,3758.7,11,0.15,713.57,Partner,Pending
SO-202509-0149,2025-09-25,Southwest,Chongqing,Software,Security Suite,SMB,8065.5,10,0.05,3995.82,Corporate,Completed
SO-202509-0423,2025-09-25,East China,Suzhou,Office Supplies,Notebook Set,Individual,74.52,3,0.08,22.48,Corporate,Completed
SO-202509-0368,2025-09-26,South China,Zhuhai,Software,Analytics Add-on,SMB,6860.7,9,0.1,3126.34,Retail,Pending
SO-202509-0313,2025-09-28,East China,Nanjing,Software,CRM License,SMB,2438.1,7,0.1,1240.43,Retail,Pending
SO-202509-0222,2025-09-29,South China,Guangzhou,Office Supplies,Desk Organizer,Individual,108.3,6,0.05,29.43,Online,Completed
SO-202509-0240,2025-09-29,North China,Qingdao,Office Supplies,Notebook Set,SMB,665.0,10,0.05,159.8,Online,Completed
SO-202510-0501,2025-10-01,North China,Tianjin,Home Appliances,Desk Lamp,Individual,121.6,2,0.05,26.4,Partner,Pending
SO-202510-0046,2025-10-02,North China,Tianjin,Electronics,USB-C Hub,Individual,5342.8,8,0.05,760.26,Partner,Completed
SO-202510-0201,2025-10-02,North China,Qingdao,Home Appliances,Desk Lamp,SMB,1012.0,11,0.08,183.48,Partner,Completed
SO-202510-0475,2025-10-05,North China,Beijing,Home Appliances,Desk Lamp,Individual,2547.9,9,0.05,646.33,Online,Completed
SO-202510-0345,2025-10-06,North China,Qingdao,Software,Analytics Add-on,Individual,1744.2,3,0.1,830.63,Online,Pending
SO-202510-0329,2025-10-09,Southwest,Chongqing,Home Appliances,Coffee Machine,Enterprise,6650,25,0,-532.0,Retail,Refunded
SO-202510-0351,2025-10-10,South China,Zhuhai,Office Supplies,Notebook Set,Enterprise,3444,41,0,-275.52,Online,Refunded
SO-202510-0302,2025-10-11,North China,Tianjin,Home Appliances,Coffee Machine,SMB,1952.16,6,0.02,452.21,Partner,Completed
SO-202510-0472,2025-10-11,Southwest,Chengdu,Home Appliances,Coffee Machine,SMB,2253.35,11,0.15,509.3,Partner,Completed
SO-202510-0041,2025-10-12,Southwest,Kunming,Electronics,Monitor 27,Enterprise,2352.8,16,0.15,336.97,Online,Completed
SO-202510-0303,2025-10-15,East China,Hangzhou,Home Appliances,Air Purifier,Individual,2873.16,9,0.08,693.97,Online,Completed
SO-202510-0127,2025-10-18,South China,Foshan,Office Supplies,Desk Organizer,Enterprise,2234.4,30,0.02,642.04,Retail,Pending
SO-202510-0428,2025-10-18,North China,Tianjin,Electronics,Laptop Pro 14,Individual,2907.0,10,0.15,629.72,Online,Completed
SO-202510-0286,2025-10-21,North China,Tianjin,Electronics,USB-C Hub,Enterprise,11176.65,27,0.15,2067.13,Retail,Completed
SO-202510-0071,2025-10-22,East China,Shanghai,Software,Security Suite,Enterprise,8456.64,24,0.08,-676.53,Corporate,Refunded
SO-202510-0142,2025-10-22,South China,Zhuhai,Software,Security Suite,SMB,1035.92,1,0.08,-82.87,Retail,Refunded
SO-202510-0145,2025-10-22,North China,Qingdao,Electronics,Laptop Pro 14,Enterprise,3476,22,0,-278.08,Retail,Refunded
SO-202510-0095,2025-10-24,South China,Zhuhai,Electronics,USB-C Hub,Enterprise,7683.2,16,0.02,-614.66,Retail,Refunded
SO-202510-0198,2025-10-27,North China,Qingdao,Electronics,Wireless Mouse,Individual,1058.25,5,0.15,175.42,Partner,Completed
SO-202510-0118,2025-10-28,North China,Beijing,Electronics,USB-C Hub,SMB,5424.32,8,0.08,911.96,Corporate,Completed
SO-202510-0238,2025-10-29,South China,Foshan,Home Appliances,Air Purifier,SMB,264,3,0,54.66,Online,Pending
SO-202510-0241,2025-10-29,Southwest,Chongqing,Electronics,Laptop Pro 14,Individual,4598,11,0,-367.84,Retail,Refunded
SO-202510-0074,2025-10-30,North China,Jinan,Office Supplies,Printer Paper,Enterprise,1094.4,16,0.05,-87.55,Retail,Refunded
SO-202510-0075,2025-10-30,North China,Beijing,Software,CRM License,Individual,2752.64,11,0.08,1214.23,Retail,Pending
SO-202510-0148,2025-10-30,East China,Hangzhou,Software,Cloud Storage,Individual,4442.2,7,0.05,2287.14,Corporate,Completed
SO-202510-0176,2025-10-30,East China,Shanghai,Electronics,USB-C Hub,SMB,8766.6,12,0.05,1302.05,Retail,Completed
SO-202510-0269,2025-10-30,East China,Shanghai,Software,Analytics Add-on,SMB,1084,4,0,-86.72,Partner,Refunded
SO-202511-0508,2025-11-01,East China,Hangzhou,Software,Security Suite,Individual,4296.4,5,0.08,2208.86,Partner,Completed
SO-202511-0010,2025-11-02,East China,Hangzhou,Home Appliances,Desk Lamp,Enterprise,2236.3,22,0.05,445.37,Online,Completed
SO-202511-0205,2025-11-03,East China,Suzhou,Office Supplies,Printer Paper,Enterprise,2369.3,29,0.05,705.56,Online,Completed
SO-202511-0223,2025-11-03,North China,Tianjin,Electronics,Monitor 27,Enterprise,13386.8,20,0.02,2004.22,Partner,Completed
SO-202511-0284,2025-11-03,North China,Tianjin,Office Supplies,Printer Paper,Enterprise,841.5,33,0.15,223.66,Corporate,Completed
SO-202511-0161,2025-11-04,East China,Suzhou,Electronics,Monitor 27,Enterprise,4883.0,20,0.05,-390.64,Partner,Refunded
SO-202511-0365,2025-11-04,South China,Zhuhai,Electronics,Laptop Pro 14,SMB,3248.7,7,0.15,675.59,Corporate,Completed
SO-202511-0290,2025-11-05,Southwest,Kunming,Electronics,USB-C Hub,Individual,1530.9,9,0.1,280.1,Retail,Completed
SO-202511-0410,2025-11-06,Southwest,Guiyang,Software,Analytics Add-on,Enterprise,6283.2,14,0.15,-502.66,Retail,Refunded
SO-202511-0053,2025-11-08,South China,Shenzhen,Electronics,Monitor 27,Enterprise,16035.6,30,0.08,2636.74,Retail,Pending
SO-202511-0421,2025-11-08,North China,Beijing,Software,Analytics Add-on,Enterprise,7949.76,12,0.02,3819.44,Online,Completed
SO-202511-0192,2025-11-09,South China,Shenzhen,Home Appliances,Desk Lamp,SMB,2410.8,10,0.02,527.81,Partner,Pending
SO-202511-0439,2025-11-11,South China,Zhuhai,Office Supplies,Notebook Set,Individual,674.24,8,0.02,-53.94,Online,Refunded
SO-202511-0478,2025-11-11,East China,Hangzhou,Office Supplies,Notebook Set,Enterprise,200,20,0,51.14,Partner,Completed
SO-202511-0025,2025-11-12,North China,Beijing,Home Appliances,Desk Lamp,Enterprise,5701.8,26,0.15,1096.82,Retail,Completed
SO-202511-0177,2025-11-12,Southwest,Kunming,Home Appliances,Air Purifier,Individual,904.5,3,0.1,192.34,Retail,Completed
SO-202511-0468,2025-11-12,Southwest,Chengdu,Office Supplies,Marker Pack,SMB,279.0,5,0.1,80.31,Partner,Completed
SO-202511-0340,2025-11-13,East China,Hangzhou,Home Appliances,Coffee Machine,Individual,572.85,9,0.05,142.54,Retail,Completed
SO-202511-0389,2025-11-13,Southwest,Kunming,Office Supplies,Notebook Set,Individual,36.8,1,0.08,11.35,Retail,Pending
SO-202511-0033,2025-11-14,East China,Hangzhou,Office Supplies,Notebook Set,Individual,115.6,8,0.15,-9.25,Online,Refunded
SO-202511-0103,2025-11-14,Southwest,Chongqing,Electronics,USB-C Hub,Enterprise,7360.0,32,0.08,1329.8,Partner,Completed
SO-202511-0211,2025-11-14,Southwest,Chongqing,Electronics,Wireless Mouse,SMB,1109.6,2,0.05,214.47,Online,Completed
SO-202511-0342,2025-11-14,North China,Jinan,Office Supplies,Notebook Set,SMB,246,6,0,59.04,Partner,Completed
SO-202511-0378,2025-11-16,North China,Jinan,Office Supplies,Printer Paper,Enterprise,810.0,36,0.1,-64.8,Retail,Refunded
SO-202511-0420,2025-11-16,South China,Foshan,Electronics,Monitor 27,Enterprise,25522.7,38,0.05,4163.69,Partner,Completed
SO-202511-0484,2025-11-16,Southwest,Chongqing,Software,Security Suite,Individual,328.1,2,0.15,157.27,Partner,Completed
SO-202511-0494,2025-11-16,South China,Guangzhou,Home Appliances,Air Purifier,Individual,58.65,1,0.15,14.61,Corporate,Pending
SO-202511-0519,2025-11-17,South China,Shenzhen,Software,Security Suite,SMB,3367.75,5,0.05,1599.22,Corporate,Completed
SO-202511-0317,2025-11-20,Southwest,Kunming,Electronics,Wireless Mouse,Enterprise,11881.65,33,0.05,-950.53,Partner,Refunded
SO-202511-0326,2025-11-20,Southwest,Kunming,Electronics,USB-C Hub,SMB,1034.88,2,0.02,184.34,Retail,Completed
SO-202511-0520,2025-11-20,Southwest,Chongqing,Software,CRM License,Individual,627.95,1,0.05,-50.24,Retail,Refunded
SO-202511-0506,2025-11-21,Southwest,Guiyang,Office Supplies,Desk Organizer,SMB,338.4,8,0.1,82.16,Retail,Completed
SO-202511-0165,2025-11-24,East China,Nanjing,Home Appliances,Coffee Machine,Enterprise,4446.9,27,0.1,1056.59,Online,Completed
SO-202511-0159,2025-11-25,East China,Nanjing,Office Supplies,Printer Paper,SMB,335.75,5,0.15,-26.86,Partner,Refunded
SO-202511-0032,2025-11-26,Southwest,Guiyang,Software,Analytics Add-on,Enterprise,21646.8,28,0.1,10105.05,Partner,Completed
SO-202511-0397,2025-11-28,South China,Guangzhou,Home Appliances,Mini Fan,Enterprise,3301.25,25,0.05,-264.1,Partner,Refunded
SO-202511-0006,2025-11-29,South China,Shenzhen,Electronics,USB-C Hub,SMB,658.56,2,0.02,-52.68,Partner,Refunded
SO-202511-0440,2025-11-29,South China,Shenzhen,Home Appliances,Desk Lamp,Enterprise,1225.44,12,0.08,237.05,Online,Completed
SO-202512-0175,2025-12-01,South China,Foshan,Software,Cloud Storage,SMB,7095.6,9,0.1,3497.09,Retail,Completed
SO-202512-0466,2025-12-01,South China,Shenzhen,Office Supplies,Desk Organizer,Individual,130,2,0,-10.4,Retail,Refunded
SO-202512-0451,2025-12-02,Southwest,Chongqing,Office Supplies,Notebook Set,Individual,64.8,1,0.1,17.6,Partner,Completed
SO-202512-0174,2025-12-06,Southwest,Chongqing,Electronics,USB-C Hub,Individual,2249.1,7,0.1,-179.93,Online,Refunded
SO-202512-0232,2025-12-06,East China,Hangzhou,Home Appliances,Desk Lamp,Individual,401.8,1,0.02,97.22,Corporate,Pending
SO-202512-0517,2025-12-07,East China,Suzhou,Home Appliances,Air Purifier,SMB,1689.12,9,0.08,394.75,Online,Completed
SO-202512-0236,2025-12-10,Southwest,Chengdu,Home Appliances,Desk Lamp,Enterprise,735,7,0,-58.8,Retail,Refunded
SO-202512-0137,2025-12-11,Southwest,Kunming,Software,CRM License,SMB,4628.25,11,0.15,2359.33,Corporate,Completed
SO-202512-0130,2025-12-15,East China,Nanjing,Home Appliances,Mini Fan,Individual,611.52,6,0.02,132.89,Partner,Completed
SO-202512-0265,2025-12-17,Southwest,Kunming,Office Supplies,Printer Paper,Individual,96,4,0,27.57,Partner,Completed
SO-202512-0411,2025-12-17,East China,Hangzhou,Electronics,Monitor 27,Enterprise,16881.48,29,0.02,-1350.52,Online,Refunded
SO-202512-0343,2025-12-19,North China,Jinan,Electronics,Monitor 27,SMB,560,1,0,102.96,Partner,Completed
SO-202512-0114,2025-12-20,East China,Shanghai,Home Appliances,Desk Lamp,SMB,1063.35,9,0.15,-85.07,Online,Refunded
SO-202512-0376,2025-12-22,North China,Qingdao,Home Appliances,Desk Lamp,Individual,643.5,11,0.1,164.69,Corporate,Completed
SO-202512-0187,2025-12-23,North China,Qingdao,Software,Analytics Add-on,SMB,6572.48,8,0.08,3059.57,Partner,Completed
SO-202512-0291,2025-12-24,East China,Hangzhou,Home Appliances,Mini Fan,SMB,1054.8,4,0.1,259.37,Corporate,Completed
SO-202512-0028,2025-12-26,Southwest,Kunming,Electronics,Laptop Pro 14,Individual,3597.2,10,0.08,603.09,Corporate,Completed
SO-202512-0097,2025-12-26,East China,Hangzhou,Electronics,Wireless Mouse,Individual,2163.84,3,0.02,-173.11,Corporate,Refunded
SO-202512-0409,2025-12-26,Southwest,Guiyang,Office Supplies,Desk Organizer,Enterprise,2701,37,0,718.65,Corporate,Completed
SO-202512-0073,2025-12-27,East China,Hangzhou,Home Appliances,Desk Lamp,Enterprise,8882.5,34,0.05,2119.26,Online,Completed
SO-202512-0285,2025-12-27,Southwest,Guiyang,Home Appliances,Coffee Machine,Enterprise,3472,28,0,680.48,Online,Completed
SO-202512-0119,2025-12-28,Southwest,Kunming,Electronics,Laptop Pro 14,SMB,2292.3,9,0.1,-183.38,Partner,Refunded
SO-202512-0094,2025-12-29,South China,Zhuhai,Electronics,Monitor 27,SMB,809.6,2,0.08,-64.77,Online,Refunded
SO-202512-0226,2025-12-29,East China,Hangzhou,Home Appliances,Mini Fan,Individual,310.25,1,0.15,-24.82,Partner,Refunded
SO-202512-0280,2025-12-30,North China,Qingdao,Electronics,Laptop Pro 14,SMB,1584.66,3,0.02,-126.77,Retail,Refunded
SO-202512-0336,2025-12-30,North China,Jinan,Software,CRM License,Enterprise,13629.75,15,0.15,6877.81,Partner,Completed
SO-202512-0328,2025-12-31,East China,Shanghai,Electronics,Laptop Pro 14,Enterprise,16007.5,25,0.05,2871.54,Partner,Pending
SO-202601-0072,2026-01-03,North China,Qingdao,Electronics,Monitor 27,Individual,1615.0,10,0.05,326.33,Corporate,Completed
SO-202601-0228,2026-01-03,Southwest,Guiyang,Home Appliances,Mini Fan,SMB,1065,3,0,268.02,Partner,Completed
SO-202601-0306,2026-01-03,South China,Shenzhen,Software,Analytics Add-on,SMB,2111.4,6,0.1,1082.34,Online,Completed
SO-202601-0381,2026-01-03,South China,Zhuhai,Office Supplies,Marker Pack,Individual,466.48,7,0.02,-37.32,Corporate,Refunded
SO-202601-0434,2026-01-03,North China,Qingdao,Software,CRM License,SMB,8190.9,9,0.05,4028.48,Online,Completed
SO-202601-0271,2026-01-04,North China,Jinan,Electronics,Laptop Pro 14,Individual,811.44,3,0.08,175.6,Online,Completed
SO-202601-0180,2026-01-05,North China,Tianjin,Software,Analytics Add-on,Individual,1404.0,3,0.1,660.43,Partner,Completed
SO-202601-0004,2026-01-06,East China,Shanghai,Electronics,Wireless Mouse,Individual,758.2,4,0.15,156.74,Corporate,Completed
SO-202601-0444,2026-01-06,East China,Suzhou,Office Supplies,Desk Organizer,Individual,133.28,2,0.02,39.13,Online,Completed
SO-202601-0104,2026-01-07,North China,Tianjin,Office Supplies,Desk Organizer,Individual,108,4,0,30.31,Partner,Pending
SO-202601-0477,2026-01-07,East China,Suzhou,Home Appliances,Desk Lamp,Individual,1173.0,12,0.15,224.5,Corporate,Completed
SO-202601-0030,2026-01-08,Southwest,Chengdu,Home Appliances,Mini Fan,Enterprise,7194.4,20,0.08,1696.27,Online,Pending
SO-202601-0215,2026-01-08,Southwest,Chongqing,Office Supplies,Notebook Set,Individual,347.7,6,0.05,106.42,Partner,Pending
SO-202601-0279,2026-01-08,South China,Shenzhen,Software,Security Suite,Enterprise,9486.0,40,0.15,4342.12,Partner,Completed
SO-202601-0233,2026-01-09,South China,Foshan,Software,CRM License,SMB,5049.0,6,0.15,2609.59,Corporate,Completed
SO-202601-0134,2026-01-10,South China,Zhuhai,Electronics,Wireless Mouse,Enterprise,5967.0,34,0.1,968.91,Corporate,Pending
SO-202601-0482,2026-01-11,East China,Suzhou,Electronics,Wireless Mouse,SMB,2373,7,0,476.77,Corporate,Completed
SO-202601-0493,2026-01-11,North China,Beijing,Home Appliances,Coffee Machine,SMB,1167.9,6,0.15,233.04,Online,Completed
SO-202601-0458,2026-01-12,South China,Shenzhen,Software,CRM License,SMB,991.8,3,0.05,445.28,Online,Completed
SO-202601-0217,2026-01-13,East China,Nanjing,Home Appliances,Desk Lamp,SMB,3224.2,10,0.02,-257.94,Partner,Refunded
SO-202601-0005,2026-01-15,North China,Tianjin,Home Appliances,Air Purifier,Enterprise,6077.5,25,0.15,1428.53,Retail,Completed
SO-202601-0162,2026-01-15,South China,Shenzhen,Electronics,USB-C Hub,Enterprise,26532.0,40,0.1,5251.86,Partner,Pending
SO-202601-0216,2026-01-17,South China,Guangzhou,Office Supplies,Printer Paper,SMB,88,2,0,25.01,Online,Completed
SO-202601-0253,2026-01-17,Southwest,Guiyang,Office Supplies,Marker Pack,SMB,52.44,3,0.08,12.79,Corporate,Pending
SO-202601-0251,2026-01-18,South China,Shenzhen,Electronics,USB-C Hub,Individual,6191.64,9,0.02,1281.41,Partner,Completed
SO-202601-0155,2026-01-19,Southwest,Guiyang,Software,Cloud Storage,Enterprise,28620,27,0,13001.43,Online,Pending
SO-202601-0293,2026-01-19,Southwest,Guiyang,Electronics,USB-C Hub,SMB,1652.4,9,0.1,301.82,Retail,Completed
SO-202601-0184,2026-01-22,South China,Zhuhai,Software,Cloud Storage,Enterprise,6664,8,0,3342.1,Partner,Completed
SO-202601-0277,2026-01-23,Southwest,Chongqing,Electronics,Monitor 27,Enterprise,3091.2,16,0.08,617.06,Partner,Completed
SO-202601-0017,2026-01-24,South China,Zhuhai,Home Appliances,Coffee Machine,SMB,1470.6,12,0.05,290.32,Corporate,Completed
SO-202601-0179,2026-01-25,East China,Hangzhou,Home Appliances,Mini Fan,SMB,750.72,3,0.08,153.13,Corporate,Completed
SO-202601-0066,2026-01-26,Southwest,Chongqing,Software,CRM License,Enterprise,8042.64,31,0.08,3548.64,Retail,Completed
SO-202601-0366,2026-01-27,South China,Foshan,Electronics,USB-C Hub,SMB,2646.9,9,0.15,-211.75,Retail,Refunded
SO-202601-0037,2026-01-28,East China,Hangzhou,Electronics,Monitor 27,SMB,4943.16,9,0.08,846.06,Partner,Pending
SO-202601-0248,2026-01-28,Southwest,Guiyang,Electronics,Wireless Mouse,SMB,2078.28,3,0.08,297.41,Corporate,Completed
SO-202601-0100,2026-01-29,Southwest,Chengdu,Software,Analytics Add-on,Enterprise,9743.2,16,0.05,5052.73,Corporate,Completed
SO-202601-0194,2026-01-29,Southwest,Guiyang,Software,Cloud Storage,SMB,2922.36,3,0.02,1354.13,Partner,Completed
SO-202601-0416,2026-01-29,North China,Jinan,Office Supplies,Desk Organizer,Individual,76.5,1,0.15,-6.12,Retail,Refunded
SO-202601-0349,2026-01-30,Southwest,Chongqing,Electronics,Wireless Mouse,Enterprise,17369.8,28,0.05,3732.72,Partner,Completed
SO-202601-0454,2026-01-30,North China,Beijing,Home Appliances,Coffee Machine,Enterprise,5616,36,0,1289.64,Corporate,Completed
SO-202602-0191,2026-02-02,Southwest,Chengdu,Home Appliances,Mini Fan,Enterprise,10003.84,29,0.02,2051.34,Partner,Completed
SO-202602-0230,2026-02-02,North China,Tianjin,Office Supplies,Printer Paper,Enterprise,3075.15,39,0.05,971.15,Corporate,Pending
SO-202602-0307,2026-02-02,Southwest,Guiyang,Electronics,Laptop Pro 14,Individual,6660.6,12,0.15,1072.79,Corporate,Pending
SO-202602-0374,2026-02-02,North China,Qingdao,Electronics,Laptop Pro 14,Enterprise,12104,34,0,-968.32,Corporate,Refunded
SO-202602-0287,2026-02-03,East China,Nanjing,Electronics,Monitor 27,SMB,4114.0,11,0.15,658.68,Partner,Pending
SO-202602-0156,2026-02-07,East China,Hangzhou,Electronics,Laptop Pro 14,SMB,7298.06,11,0.02,1166.24,Corporate,Completed
SO-202602-0199,2026-02-07,Southwest,Chongqing,Home Appliances,Coffee Machine,SMB,435.2,2,0.15,88.02,Partner,Completed
SO-202602-0431,2026-02-07,East China,Suzhou,Electronics,Wireless Mouse,Individual,7391.0,10,0.05,1095.81,Partner,Completed
SO-202602-0512,2026-02-07,Southwest,Chongqing,Electronics,Laptop Pro 14,Individual,2532.32,8,0.02,364.61,Retail,Pending
SO-202602-0485,2026-02-10,Southwest,Chengdu,Electronics,Wireless Mouse,SMB,8253.6,12,0.05,1799.42,Partner,Completed
SO-202602-0334,2026-02-12,South China,Shenzhen,Electronics,Wireless Mouse,SMB,2278.1,11,0.05,384.6,Corporate,Pending
SO-202602-0385,2026-02-12,North China,Qingdao,Software,Analytics Add-on,SMB,5559.0,10,0.15,2646.84,Partner,Pending
SO-202602-0086,2026-02-13,Southwest,Chengdu,Home Appliances,Coffee Machine,Enterprise,10025,25,0,1877.66,Corporate,Completed
SO-202602-0090,2026-02-15,South China,Shenzhen,Electronics,Laptop Pro 14,SMB,3883.6,7,0.05,767.9,Retail,Pending
SO-202602-0332,2026-02-15,North China,Jinan,Office Supplies,Printer Paper,Individual,419.52,12,0.08,107.26,Retail,Completed
SO-202602-0019,2026-02-18,South China,Shenzhen,Electronics,Laptop Pro 14,Enterprise,15732.92,23,0.02,3045.55,Partner,Completed
SO-202602-0067,2026-02-24,East China,Shanghai,Software,Security Suite,Enterprise,35978.4,38,0.1,16924.27,Corporate,Completed
SO-202602-0261,2026-02-24,Southwest,Chongqing,Home Appliances,Desk Lamp,SMB,1260,6,0,227.28,Online,Completed
SO-202602-0511,2026-02-25,North China,Jinan,Software,Analytics Add-on,Individual,4213,11,0,1993.42,Corporate,Completed
SO-202602-0206,2026-02-26,Southwest,Chongqing,Electronics,Laptop Pro 14,Individual,5027.4,10,0.02,803.49,Retail,Completed
SO-202602-0344,2026-02-26,Southwest,Guiyang,Office Supplies,Printer Paper,SMB,70.56,4,0.02,19.85,Partner,Pending
SO-202603-0396,2026-03-01,Southwest,Chengdu,Home Appliances,Mini Fan,Individual,1980,11,0,405.15,Retail,Pending
SO-202603-0360,2026-03-02,South China,Foshan,Software,Cloud Storage,Individual,1338.75,3,0.15,605.99,Online,Pending
SO-202603-0244,2026-03-05,Southwest,Chongqing,Software,Security Suite,SMB,11901.6,12,0.1,5998.84,Online,Pending
SO-202603-0515,2026-03-05,East China,Suzhou,Office Supplies,Notebook Set,SMB,234.0,4,0.1,-18.72,Corporate,Refunded
SO-202603-0247,2026-03-06,South China,Zhuhai,Office Supplies,Printer Paper,Individual,418.0,10,0.05,129.68,Online,Completed
SO-202603-0314,2026-03-06,East China,Shanghai,Office Supplies,Marker Pack,Enterprise,307.8,18,0.1,87.15,Online,Completed
SO-202603-0337,2026-03-08,Southwest,Chengdu,Electronics,Wireless Mouse,Individual,2397.6,6,0.1,459.31,Corporate,Completed
SO-202603-0509,2026-03-09,South China,Shenzhen,Home Appliances,Air Purifier,SMB,2820,10,0,679.5,Corporate,Completed
SO-202603-0210,2026-03-10,Southwest,Chengdu,Office Supplies,Desk Organizer,SMB,64.6,2,0.05,17.52,Online,Completed
SO-202603-0418,2026-03-11,South China,Zhuhai,Office Supplies,Desk Organizer,Enterprise,306.0,30,0.15,82.46,Partner,Pending
SO-202603-0056,2026-03-12,South China,Shenzhen,Office Supplies,Desk Organizer,Individual,42.3,1,0.1,-3.38,Retail,Refunded
SO-202603-0383,2026-03-14,Southwest,Chengdu,Software,Security Suite,Enterprise,22549.65,37,0.15,11341.43,Partner,Pending
SO-202603-0289,2026-03-15,North China,Qingdao,Office Supplies,Printer Paper,Individual,153.9,6,0.05,44.28,Corporate,Pending
SO-202603-0513,2026-03-16,North China,Tianjin,Electronics,USB-C Hub,Enterprise,2391.9,21,0.15,429.42,Retail,Completed
SO-202603-0490,2026-03-17,South China,Zhuhai,Software,Security Suite,SMB,5100.0,8,0.15,2595.03,Partner,Completed
SO-202603-0315,2026-03-18,Southwest,Kunming,Electronics,Monitor 27,SMB,3346,7,0,582.34,Retail,Completed
SO-202603-0045,2026-03-20,North China,Jinan,Office Supplies,Marker Pack,Enterprise,2294.48,29,0.08,630.63,Retail,Pending
SO-202603-0029,2026-03-23,South China,Zhuhai,Office Supplies,Desk Organizer,Enterprise,2201.5,35,0.15,658.17,Online,Completed
SO-202603-0039,2026-03-23,Southwest,Chengdu,Software,Security Suite,Enterprise,5343.36,8,0.08,2604.09,Partner,Completed
SO-202603-0502,2026-03-23,Southwest,Chengdu,Office Supplies,Printer Paper,Individual,42.14,1,0.02,12.29,Corporate,Completed
SO-202603-0353,2026-03-26,East China,Shanghai,Software,Security Suite,SMB,432.9,1,0.1,214.62,Retail,Completed
SO-202603-0117,2026-03-27,Southwest,Kunming,Office Supplies,Marker Pack,SMB,149.04,9,0.08,42.95,Partner,Completed
SO-202603-0181,2026-03-27,North China,Jinan,Office Supplies,Desk Organizer,Enterprise,1900.95,29,0.05,-152.08,Corporate,Refunded
SO-202603-0424,2026-03-27,East China,Hangzhou,Home Appliances,Air Purifier,Individual,241.3,1,0.05,52.63,Corporate,Pending
SO-202603-0202,2026-03-28,Southwest,Chengdu,Software,Analytics Add-on,Enterprise,16957.5,21,0.05,7573.11,Retail,Completed
SO-202603-0465,2026-03-29,North China,Beijing,Software,CRM License,Enterprise,19112.94,33,0.02,9091.6,Retail,Completed
SO-202603-0288,2026-03-30,East China,Nanjing,Office Supplies,Printer Paper,SMB,83.7,3,0.1,20.89,Corporate,Completed
SO-202603-0361,2026-03-30,North China,Qingdao,Home Appliances,Mini Fan,Enterprise,4916.66,29,0.02,1032.52,Partner,Pending
SO-202603-0106,2026-03-31,North China,Jinan,Office Supplies,Printer Paper,SMB,307.8,4,0.05,93.03,Corporate,Pending
SO-202603-0121,2026-03-31,South China,Shenzhen,Home Appliances,Coffee Machine,Enterprise,869.4,15,0.08,192.5,Corporate,Pending
SO-202603-0406,2026-03-31,South China,Shenzhen,Electronics,Monitor 27,Individual,1200.5,7,0.02,235.75,Online,Pending
SO-202603-0510,2026-03-31,East China,Shanghai,Software,Analytics Add-on,SMB,3915.0,10,0.1,1946.09,Corporate,Completed
SO-202604-0338,2026-04-01,North China,Jinan,Software,Analytics Add-on,Individual,2841,3,0,-227.28,Retail,Refunded
SO-202604-0407,2026-04-02,North China,Qingdao,Home Appliances,Desk Lamp,SMB,4070,10,0,-325.6,Online,Refunded
SO-202604-0131,2026-04-06,East China,Hangzhou,Electronics,Laptop Pro 14,SMB,5206.0,10,0.05,1117.73,Corporate,Completed
SO-202604-0372,2026-04-06,Southwest,Chengdu,Home Appliances,Desk Lamp,Individual,2673.0,9,0.1,637.23,Retail,Completed
SO-202604-0413,2026-04-09,North China,Jinan,Software,Analytics Add-on,Enterprise,10016.4,24,0.15,5194.57,Retail,Completed
SO-202604-0452,2026-04-09,Southwest,Chongqing,Electronics,Laptop Pro 14,Individual,1461,3,0,206.4,Partner,Completed
SO-202604-0080,2026-04-11,South China,Shenzhen,Electronics,Laptop Pro 14,Individual,1884.6,3,0.1,295.08,Corporate,Completed
SO-202604-0200,2026-04-11,Southwest,Kunming,Electronics,Laptop Pro 14,Enterprise,9836.64,22,0.08,-786.93,Partner,Refunded
SO-202604-0035,2026-04-13,East China,Suzhou,Home Appliances,Coffee Machine,Enterprise,10152.8,37,0.02,2509.66,Partner,Completed
SO-202604-0461,2026-04-14,North China,Tianjin,Home Appliances,Desk Lamp,Individual,562.4,8,0.05,114.03,Corporate,Completed
SO-202604-0007,2026-04-15,East China,Nanjing,Office Supplies,Printer Paper,Enterprise,1767.92,22,0.02,496.36,Corporate,Completed
SO-202604-0171,2026-04-16,East China,Hangzhou,Home Appliances,Air Purifier,Individual,2324,7,0,536.7,Online,Completed
SO-202604-0167,2026-04-17,East China,Nanjing,Office Supplies,Printer Paper,Individual,135,9,0,42.61,Partner,Completed
SO-202604-0183,2026-04-18,East China,Suzhou,Home Appliances,Air Purifier,Enterprise,3659.25,21,0.15,-292.74,Partner,Refunded
SO-202604-0098,2026-04-21,Southwest,Kunming,Home Appliances,Desk Lamp,Individual,1558.0,8,0.05,354.15,Partner,Completed
SO-202604-0027,2026-04-27,East China,Hangzhou,Software,Security Suite,Individual,1960.8,4,0.05,998.34,Corporate,Completed
SO-202604-0055,2026-04-27,North China,Beijing,Office Supplies,Desk Organizer,Enterprise,1195.1,38,0.15,343.21,Corporate,Completed
SO-202604-0260,2026-04-27,South China,Guangzhou,Software,Analytics Add-on,Enterprise,3684.8,16,0.02,1913.84,Online,Completed
SO-202604-0408,2026-04-27,East China,Hangzhou,Office Supplies,Desk Organizer,SMB,147,3,0,36.05,Corporate,Completed
SO-202604-0242,2026-04-28,Southwest,Kunming,Electronics,Monitor 27,SMB,3311.7,7,0.05,580.14,Retail,Completed
SO-202604-0049,2026-04-30,North China,Jinan,Home Appliances,Mini Fan,SMB,543.9,5,0.02,111.63,Partner,Pending
SO-202604-0116,2026-04-30,North China,Beijing,Office Supplies,Desk Organizer,Individual,438.9,11,0.05,-35.11,Corporate,Refunded
SO-202604-0333,2026-04-30,South China,Shenzhen,Software,Cloud Storage,Enterprise,9642.6,22,0.1,4905.0,Retail,Completed
SO-202605-0138,2026-05-01,North China,Tianjin,Electronics,Monitor 27,Enterprise,27340.04,37,0.02,3896.66,Retail,Completed
SO-202605-0297,2026-05-01,East China,Hangzhou,Office Supplies,Marker Pack,Enterprise,648.0,8,0.1,200.87,Corporate,Completed
SO-202605-0398,2026-05-01,South China,Shenzhen,Software,Analytics Add-on,Enterprise,26547.75,27,0.05,12880.85,Partner,Completed
SO-202605-0341,2026-05-03,Southwest,Kunming,Software,Analytics Add-on,Enterprise,32728.08,33,0.08,15770.9,Retail,Pending
SO-202605-0487,2026-05-03,Southwest,Guiyang,Home Appliances,Desk Lamp,Individual,516.8,2,0.15,131.99,Partner,Completed
SO-202605-0492,2026-05-03,East China,Shanghai,Software,Security Suite,Enterprise,6604,13,0,3217.71,Partner,Completed
SO-202605-0316,2026-05-04,East China,Shanghai,Home Appliances,Coffee Machine,Individual,285.3,1,0.1,51.52,Corporate,Completed
SO-202605-0227,2026-05-06,South China,Guangzhou,Home Appliances,Coffee Machine,SMB,637.2,4,0.1,-50.98,Retail,Refunded
SO-202605-0419,2026-05-09,South China,Shenzhen,Home Appliances,Coffee Machine,Enterprise,9399.3,38,0.15,2414.05,Online,Completed
SO-202605-0169,2026-05-10,Southwest,Chengdu,Electronics,Monitor 27,Individual,3248.1,9,0.1,-259.85,Online,Refunded
SO-202605-0239,2026-05-10,South China,Zhuhai,Office Supplies,Marker Pack,Individual,57.8,2,0.15,16.43,Retail,Pending
SO-202605-0274,2026-05-10,Southwest,Chengdu,Software,Cloud Storage,Individual,4543.25,5,0.15,2189.78,Online,Pending
SO-202605-0065,2026-05-11,North China,Qingdao,Software,Cloud Storage,Individual,4625.76,12,0.08,-370.06,Corporate,Refunded
SO-202605-0141,2026-05-11,East China,Hangzhou,Home Appliances,Mini Fan,SMB,1007.0,5,0.05,226.41,Retail,Completed
SO-202605-0325,2026-05-11,East China,Nanjing,Software,Cloud Storage,SMB,1622.88,2,0.02,801.95,Online,Completed
SO-202605-0301,2026-05-13,Southwest,Kunming,Home Appliances,Desk Lamp,SMB,1440.6,7,0.02,-115.25,Corporate,Refunded
SO-202605-0503,2026-05-13,South China,Guangzhou,Electronics,USB-C Hub,Individual,2927.4,7,0.15,607.2,Corporate,Completed
SO-202605-0068,2026-05-15,South China,Guangzhou,Office Supplies,Desk Organizer,Enterprise,184.0,10,0.08,46.61,Retail,Completed
SO-202605-0048,2026-05-16,East China,Suzhou,Software,Cloud Storage,Individual,2037.75,5,0.05,1004.85,Online,Completed
SO-202605-0084,2026-05-18,Southwest,Chengdu,Electronics,USB-C Hub,Individual,1082.7,3,0.1,-86.62,Retail,Refunded
SO-202605-0346,2026-05-19,East China,Nanjing,Electronics,Wireless Mouse,Enterprise,2635.0,10,0.15,461.32,Online,Completed
SO-202605-0358,2026-05-19,South China,Zhuhai,Electronics,USB-C Hub,SMB,2148,12,0,426.9,Partner,Completed
SO-202605-0034,2026-05-22,Southwest,Chongqing,Office Supplies,Notebook Set,SMB,266.4,4,0.1,69.25,Online,Completed
SO-202605-0146,2026-05-23,East China,Nanjing,Electronics,Laptop Pro 14,Enterprise,7213.5,35,0.1,1312.46,Corporate,Completed
SO-202605-0160,2026-05-23,South China,Foshan,Software,Security Suite,SMB,2570.4,3,0.1,1228.35,Partner,Completed
SO-202605-0395,2026-05-24,Southwest,Guiyang,Office Supplies,Printer Paper,Individual,11,1,0,3.29,Corporate,Completed
SO-202605-0459,2026-05-24,East China,Hangzhou,Electronics,USB-C Hub,Enterprise,6069.0,28,0.15,1162.67,Partner,Completed
SO-202605-0129,2026-05-25,North China,Qingdao,Software,Analytics Add-on,SMB,4636.8,8,0.08,2219.82,Partner,Completed
SO-202605-0112,2026-05-27,South China,Shenzhen,Office Supplies,Desk Organizer,Individual,372.4,10,0.02,109.17,Partner,Completed
SO-202605-0214,2026-05-27,East China,Nanjing,Office Supplies,Desk Organizer,Enterprise,629,17,0,-50.32,Online,Refunded
SO-202605-0305,2026-05-30,South China,Shenzhen,Office Supplies,Printer Paper,Individual,235.2,3,0.02,-18.82,Partner,Refunded
SO-202605-0264,2026-05-31,North China,Tianjin,Electronics,Laptop Pro 14,SMB,4798.72,8,0.08,1012.71,Corporate,Completed
SO-202606-0101,2026-06-01,East China,Shanghai,Office Supplies,Marker Pack,Enterprise,592.48,23,0.08,161.57,Partner,Completed
SO-202606-0147,2026-06-01,Southwest,Kunming,Office Supplies,Notebook Set,Individual,1058.4,12,0.02,255.21,Corporate,Completed
SO-202606-0283,2026-06-01,Southwest,Guiyang,Office Supplies,Desk Organizer,SMB,112.5,5,0.1,33.3,Partner,Pending
SO-202606-0367,2026-06-01,South China,Shenzhen,Software,Security Suite,Individual,1950.75,3,0.15,-156.06,Partner,Refunded
SO-202606-0002,2026-06-02,South China,Shenzhen,Software,Analytics Add-on,Enterprise,11628.0,20,0.05,5260.95,Partner,Completed
SO-202606-0021,2026-06-03,North China,Tianjin,Home Appliances,Air Purifier,SMB,1558.0,5,0.05,356.68,Retail,Pending
SO-202606-0099,2026-06-04,South China,Foshan,Software,Cloud Storage,Individual,6384,6,0,3123.06,Online,Pending
SO-202606-0063,2026-06-06,North China,Jinan,Software,Cloud Storage,SMB,9096.3,9,0.1,4372.22,Retail,Completed
SO-202606-0083,2026-06-10,South China,Zhuhai,Office Supplies,Notebook Set,SMB,151.8,11,0.08,41.61,Corporate,Completed
SO-202606-0479,2026-06-10,South China,Zhuhai,Electronics,USB-C Hub,Individual,585.0,5,0.1,91.51,Online,Completed
SO-202606-0405,2026-06-11,South China,Shenzhen,Home Appliances,Mini Fan,Individual,2100,12,0,430.31,Corporate,Completed
SO-202606-0495,2026-06-12,Southwest,Kunming,Electronics,Monitor 27,SMB,4928,7,0,1008.59,Online,Completed
SO-202606-0489,2026-06-17,Southwest,Guiyang,Office Supplies,Desk Organizer,SMB,623.7,9,0.1,176.96,Partner,Completed
SO-202606-0036,2026-06-18,Southwest,Chongqing,Home Appliances,Coffee Machine,Enterprise,5967,27,0,1140.11,Online,Completed
SO-202606-0321,2026-06-18,North China,Beijing,Office Supplies,Marker Pack,Individual,158.4,4,0.1,44.49,Partner,Completed
SO-202606-0096,2026-06-21,South China,Zhuhai,Home Appliances,Mini Fan,SMB,1009.8,3,0.1,222.96,Retail,Completed
SO-202606-0113,2026-06-21,North China,Beijing,Electronics,Monitor 27,Individual,5676,11,0,956.79,Partner,Completed
SO-202606-0369,2026-06-21,East China,Hangzhou,Electronics,USB-C Hub,SMB,7175.08,11,0.08,1247.63,Partner,Completed
SO-202606-0402,2026-06-21,North China,Qingdao,Office Supplies,Notebook Set,Individual,712.8,12,0.1,177.68,Retail,Completed
SO-202606-0125,2026-06-23,Southwest,Guiyang,Electronics,Wireless Mouse,Enterprise,10231.2,18,0.02,2150.97,Corporate,Pending
SO-202606-0105,2026-06-24,South China,Foshan,Office Supplies,Marker Pack,Individual,87,3,0,23.74,Retail,Completed
SO-202606-0107,2026-06-25,Southwest,Chongqing,Office Supplies,Printer Paper,Individual,605,11,0,179.63,Corporate,Pending
SO-202606-0111,2026-06-25,Southwest,Chengdu,Home Appliances,Desk Lamp,Individual,339.3,1,0.1,73.48,Corporate,Completed
SO-202606-0085,2026-06-28,North China,Jinan,Software,CRM License,Enterprise,13584.72,23,0.08,-1086.78,Online,Refunded
SO-202606-0498,2026-06-28,Southwest,Guiyang,Office Supplies,Desk Organizer,Enterprise,1179.9,27,0.05,-94.39,Online,Refunded
SO-202606-0375,2026-06-29,South China,Shenzhen,Office Supplies,Marker Pack,Individual,172.96,4,0.08,51.81,Online,Completed
